i,seq,t_send_ns,rtt_ms,theta,status,ok
1,0,922800594978695,144.997,0.17185956,3,1
1,1,922800695098695,45.134,0.17185956,0,1
2,2,922800795226618,46.070,0.17185956,2,1
3,3,922800895123849,21.795,0.19248271,2,1
4,4,922800995177156,39.657,0.16498518,2,1
5,5,922801095141080,21.267,0.1581108,2,1
6,6,922801195142310,39.957,0.16498518,2,1
7,7,922801295078387,60.524,0.16498518,2,1
8,8,922801395108541,14.654,0.16498518,2,1
9,9,922801495181156,17.161,0.1581108,2,1
10,10,922801595161695,44.792,0.16498518,2,1
11,11,922801695141080,31.330,0.16498518,2,1
12,12,922801795322003,19.479,0.16498518,2,1
13,13,922801895210080,23.653,0.16498518,2,1
14,14,922801995190003,23.541,0.16498518,2,1
15,15,922802095194003,19.600,0.19935709,2,1
16,16,922802195526387,29.750,0.16498518,2,1
17,17,922802295621464,52.839,0.1581108,2,1
18,18,922802395171003,22.768,0.17185956,2,1
19,19,922802495142003,77.575,0.17185956,2,1
20,20,922802595179233,23.567,0.16498518,2,1
21,21,922802695264464,77.375,0.17873394,2,1
22,22,922802795191926,18.170,0.1581108,2,1
23,23,922802895834926,40.140,0.16498518,2,1
24,24,922802994979310,36.217,0.17185956,2,1
25,25,922803095254695,50.294,0.17873394,2,1
26,26,922803195181772,87.526,0.17185956,2,1
27,27,922803295102618,39.545,0.16498518,2,1
28,28,922803395210080,28.564,0.16498518,2,1
29,29,922803495103618,29.032,0.13061327,2,1
30,30,922803595247003,26.473,0.16498518,2,1
31,31,922803695183541,45.073,0.17873394,2,1
32,32,922803795332541,22.862,0.16498518,2,1
33,33,922803895196464,71.414,0.16498518,2,1
34,34,922803995221387,81.113,0.17873394,2,1
35,35,922804095199003,59.428,0.1581108,2,1
36,36,922804195229387,22.258,0.16498518,2,1
37,37,922804295406926,47.870,0.16498518,2,1
38,38,922804395105772,16.299,0.16498518,2,1
39,39,922804496620234,54.859,0.1581108,2,1
40,40,922804595090926,16.162,0.1581108,2,1
41,41,922804695091541,17.910,0.17185956,2,1
42,42,922804795252157,28.291,0.16498518,2,1
43,43,922804895181080,23.815,0.17185956,2,1
44,44,922804995189387,17.490,0.14436202,2,1
45,45,922805095190080,23.376,0.16498518,2,1
46,46,922805195195926,19.042,0.17185956,2,1
47,47,922805295292234,41.999,0.17873394,2,1
48,48,922805395267618,34.847,0.16498518,2,1
49,49,922805496277387,42.013,0.1581108,2,1
50,50,922805595081080,20.346,0.1581108,2,1
51,51,922805695136849,33.276,0.17873394,2,1
52,52,922805795190311,65.804,0.1581108,2,1
53,53,922805895144157,65.235,0.16498518,2,1
54,54,922805995180234,39.276,0.1581108,2,1
55,55,922806096433772,58.662,0.15123641,2,1
56,56,922806195353695,30.796,0.17185956,2,1
57,57,922806295121464,51.709,0.17185956,2,1
58,58,922806395336464,47.431,0.16498518,2,1
59,59,922806495190311,37.782,0.16498518,2,1
60,60,922806595185772,46.786,0.16498518,2,1
61,61,922806695193464,30.789,0.1581108,2,1
62,62,922806795115926,47.798,0.17185956,2,1
63,63,922806895209695,72.513,0.16498518,2,1
64,64,922806995212464,40.868,0.16498518,2,1
66,65,922807095173772,120.438,0.16498518,2,1
66,66,922807195187234,31.759,0.1581108,2,1
67,67,922807295203541,42.539,0.16498518,2,1
68,68,922807395091926,34.274,0.16498518,2,1
69,69,922807495597388,57.173,0.16498518,2,1
70,70,922807595047234,44.314,0.1581108,2,1
71,71,922807695178003,64.198,0.16498518,2,1
72,72,922807795112234,63.834,0.1581108,2,1
73,73,922807895192541,60.508,0.1581108,2,1
74,74,922807995626080,45.715,0.1581108,2,1
75,75,922808095426926,62.847,0.15123641,2,1
76,76,922808195148157,49.666,0.16498518,2,1
77,77,922808295196772,72.742,0.15123641,2,1
78,78,922808395096157,53.602,0.17185956,2,1
79,79,922808495125388,13.599,0.17185956,2,1
80,80,922808595261465,37.338,0.1581108,2,1
81,81,922808695073695,28.907,0.1581108,2,1
82,82,922808795184542,36.981,0.17873394,2,1
83,83,922808895197695,43.899,0.16498518,2,1
84,84,922808995193695,65.338,0.1581108,2,1
85,85,922809095192157,65.303,0.16498518,2,1
86,86,922809195178618,65.118,0.1581108,2,1
87,87,922809295091311,36.170,0.1581108,2,1
88,88,922809395186003,44.599,0.16498518,2,1
89,89,922809495115311,18.526,0.16498518,2,1
90,90,922809595222618,65.148,0.16498518,2,1
91,91,922809695225465,55.293,0.17185956,2,1
92,92,922809795179542,31.630,0.1581108,2,1
93,93,922809895306003,38.474,0.16498518,2,1
94,94,922809995188772,23.263,0.16498518,2,1
95,95,922810095112157,22.512,0.1581108,2,1
96,96,922810195077695,39.456,0.16498518,2,1
97,97,922810295217695,50.886,0.17185956,2,1
98,98,922810395085695,41.111,0.1581108,2,1
99,99,922810495086619,55.603,0.15123641,2,1
100,100,922810595240234,36.622,0.15123641,2,1
101,101,922810695184234,18.014,0.16498518,2,1
102,102,922810795238619,35.671,0.16498518,2,1
103,103,922810895200772,46.618,0.17873394,2,1
104,104,922810995109696,66.138,0.16498518,2,1
105,105,922811095091003,45.582,0.16498518,2,1
106,106,922811195196542,37.060,0.16498518,2,1
107,107,922811295050080,54.036,0.15123641,2,1
108,108,922811395070388,42.601,0.17185956,2,1
109,109,922811495162619,29.625,0.15123641,2,1
110,110,922811595186619,40.582,0.16498518,2,1
111,111,922811695181772,32.357,0.1581108,2,1
112,112,922811795318003,47.094,0.19248271,2,1
113,113,922811895122926,34.917,0.14436202,2,1
114,114,922811995071926,62.787,0.16498518,2,1
115,115,922812095065157,79.635,0.13061327,2,1
116,116,922812195208772,43.284,0.17185956,2,1
117,117,922812295241080,64.992,0.1581108,2,1
118,118,922812395163311,42.768,0.16498518,2,1
119,119,922812495175234,76.760,0.16498518,2,1
120,120,922812595259003,50.620,0.17873394,2,1
121,121,922812695264849,65.846,0.16498518,2,1
122,122,922812795172234,44.280,0.17873394,2,1
123,123,922812895135542,15.086,0.17185956,2,1
124,124,922812995220773,23.930,0.17185956,2,1
125,125,922813095098619,50.831,0.16498518,2,1
126,126,922813195186080,44.997,0.17185956,2,1
127,127,922813295178388,61.035,0.16498518,2,1
128,128,922813395177080,61.622,0.14436202,2,1
129,129,922813495183311,17.143,0.20623147,2,1
130,130,922813595261080,67.633,0.16498518,2,1
131,131,922813695127850,18.309,0.16498518,2,1
132,132,922813795083311,23.399,0.1581108,2,1
133,133,922813895136157,16.779,0.16498518,2,1
134,134,922813995066311,46.039,0.16498518,2,1
135,135,922814095075311,48.775,0.1581108,2,1
136,136,922814195092773,62.969,0.19248271,2,1
137,137,922814295163003,43.869,0.16498518,2,1
138,138,922814395185773,47.582,0.13061327,2,1
139,139,922814495178388,70.530,0.1581108,2,1
140,140,922814595176773,44.134,0.16498518,2,1
141,141,922814695152157,15.449,0.16498518,2,1
142,142,922814795218696,48.905,0.1581108,2,1
143,143,922814895193773,62.870,0.17185956,2,1
144,144,922814995087003,31.175,0.17185956,2,1
145,145,922815095189696,16.533,0.16498518,2,1
146,146,922815195232542,32.411,0.15123641,2,1
147,147,922815295182003,17.593,0.17185956,2,1
148,148,922815395179234,45.002,0.1581108,2,1
149,149,922815495281157,75.347,0.16498518,2,1
150,150,922815595122080,46.203,0.1581108,2,1
151,151,922815695108157,17.251,0.1581108,2,1
152,152,922815795206003,31.545,0.1581108,2,1
153,153,922815895107234,47.520,0.1581108,2,1
154,154,922815995071311,45.823,0.1581108,2,1
155,155,922816095263619,20.722,0.16498518,2,1
156,156,922816195199542,48.065,0.16498518,2,1
157,157,922816295064773,62.508,0.16498518,2,1
158,158,922816395085388,43.834,0.16498518,2,1
159,159,922816495329773,44.428,0.17185956,2,1
160,160,922816595060465,44.101,0.16498518,2,1
161,161,922816695039234,63.110,0.16498518,2,1
162,162,922816795068773,44.627,0.1581108,2,1
163,163,922816895188773,44.679,0.16498518,2,1
164,164,922816995048234,69.460,0.16498518,2,1
165,165,922817095142311,48.520,0.16498518,2,1
166,166,922817195179004,34.075,0.1581108,2,1
167,167,922817295129388,75.797,0.16498518,2,1
168,168,922817395226081,62.731,0.1581108,2,1
169,169,922817495180157,57.298,0.1581108,2,1
170,170,922817595209696,63.379,0.17185956,2,1
171,171,922817695145157,47.134,0.17185956,2,1
172,172,922817795269081,67.168,0.13061327,2,1
173,173,922817895548234,45.466,0.12373888,2,1
174,174,922817995213388,46.782,0.17185956,2,1
175,175,922818095081696,42.885,0.1581108,2,1
176,176,922818195181157,28.517,0.1581108,2,1
177,177,922818295310927,45.343,0.16498518,2,1
178,178,922818395182927,19.006,0.1581108,2,1
179,179,922818495210311,35.930,0.15123641,2,1
180,180,922818595298619,61.840,0.1581108,2,1
181,181,922818695078004,38.133,0.16498518,2,1
182,182,922818795142081,68.552,0.16498518,2,1
183,183,922818895251311,23.386,0.1581108,2,1
184,184,922818995194081,58.779,0.1581108,2,1
185,185,922819095301081,65.783,0.16498518,2,1
186,186,922819195208850,44.057,0.1581108,2,1
187,187,922819295215542,74.435,0.17185956,2,1
188,188,922819395239234,45.119,0.16498518,2,1
189,189,922819495067234,68.871,0.16498518,2,1
190,190,922819595077465,48.263,0.16498518,2,1
191,191,922819695330927,45.101,0.1581108,2,1
192,192,922819795072773,37.062,0.16498518,2,1
193,193,922819895267619,23.676,0.16498518,2,1
194,194,922819995182619,77.469,0.17185956,2,1
196,195,922820095478004,101.112,0.16498518,2,1
196,196,922820195146004,46.156,0.16498518,2,1
197,197,922820295129465,22.765,0.17185956,2,1
198,198,922820395096773,43.102,0.17185956,2,1
199,199,922820495143850,19.754,0.15123641,2,1
200,200,922820595073696,45.698,0.1581108,2,1
201,201,922820695417465,65.065,0.16498518,2,1
202,202,922820795188465,48.811,0.17185956,2,1
203,203,922820895237696,38.836,0.16498518,2,1
204,204,922820995270004,49.182,0.16498518,2,1
205,205,922821095338927,22.656,0.15123641,2,1
206,206,922821195104850,22.875,0.17185956,2,1
207,207,922821295092773,47.011,0.17185956,2,1
208,208,922821395064158,75.462,0.1581108,2,1
209,209,922821495180158,23.323,0.17873394,2,1
210,210,922821595196235,47.982,0.19935709,2,1
211,211,922821695183542,76.760,0.16498518,2,1
212,212,922821795286312,44.999,0.16498518,2,1
213,213,922821895145696,45.168,0.16498518,2,1
214,214,922821995256773,46.043,0.16498518,2,1
215,215,922822095165773,64.611,0.16498518,2,1
216,216,922822195617158,50.346,0.1581108,2,1
217,217,922822295201773,64.440,0.16498518,2,1
218,218,922822395270927,24.527,0.16498518,2,1
219,219,922822495108542,50.206,0.15123641,2,1
220,220,922822595205696,29.541,0.16498518,2,1
221,221,922822695185773,85.980,0.17185956,2,1
222,222,922822795128235,74.063,0.17873394,2,1
223,223,922822895131004,47.830,0.16498518,2,1
224,224,922822995190004,92.302,0.16498518,2,1
225,225,922823095130927,45.218,0.13748765,2,1
226,226,922823195384542,19.957,0.16498518,2,1
227,227,922823295250696,66.609,0.1581108,2,1
228,228,922823395171619,16.420,0.16498518,2,1
229,229,922823495244158,25.201,0.17185956,2,1
230,230,922823595909465,72.562,0.17873394,2,1
231,231,922823695138389,61.079,0.16498518,2,1
232,232,922823795190389,62.164,0.16498518,2,1
233,233,922823895109773,45.379,0.16498518,2,1
234,234,922823995069389,65.674,0.16498518,2,1
235,235,922824095058081,45.022,0.16498518,2,1
236,236,922824195895312,70.874,0.16498518,2,1
237,237,922824295172542,16.672,0.1581108,2,1
238,238,922824395187619,28.972,0.17185956,2,1
239,239,922824495202389,49.753,0.16498518,2,1
240,240,922824595074696,61.663,0.16498518,2,1
241,241,922824695164773,24.233,0.16498518,2,1
242,242,922824795103312,18.657,0.17185956,2,1
243,243,922824895087850,46.564,0.16498518,2,1
244,244,922824995139619,76.191,0.17185956,2,1
245,245,922825095186081,46.486,0.16498518,2,1
246,246,922825195194619,55.689,0.17873394,2,1
247,247,922825295272543,61.222,0.16498518,2,1
248,248,922825395236158,45.872,0.16498518,2,1
249,249,922825495231927,50.290,0.16498518,2,1
250,250,922825595205773,36.522,0.19248271,2,1
251,251,922825695189773,25.790,0.17185956,2,1
252,252,922825795143004,17.589,0.1581108,2,1
253,253,922825895132850,29.549,0.16498518,2,1
254,254,922825995099312,26.582,0.16498518,2,1
255,255,922826095157696,40.519,0.15123641,2,1
256,0,922826195269081,63.127,0.16498518,2,1
257,1,922826295231235,45.417,0.16498518,2,1
258,2,922826395103850,45.465,0.16498518,2,1
259,3,922826495145389,15.882,0.1581108,2,1
261,4,922826595225773,110.755,0.1581108,2,1
261,5,922826695067235,61.136,0.16498518,2,1
262,6,922826795098389,43.950,0.1581108,2,1
263,7,922826895055850,47.760,0.1581108,2,1
264,8,922826995189696,45.380,0.1581108,2,1
265,9,922827095184235,17.323,0.16498518,2,1
266,10,922827195250696,27.290,0.16498518,2,1
267,11,922827295176466,20.328,0.16498518,2,1
268,12,922827395149081,63.703,0.15123641,2,1
269,13,922827495092235,45.414,0.1581108,2,1
270,14,922827595180466,45.832,0.16498518,2,1
271,15,922827695044773,13.027,0.1581108,2,1
272,16,922827795179850,45.723,0.16498518,2,1
273,17,922827895136235,61.434,0.1581108,2,1
274,18,922827995191235,42.831,0.16498518,2,1
275,19,922828095046081,45.693,0.16498518,2,1
276,20,922828196775543,71.367,0.17873394,2,1
277,21,922828295399004,45.603,0.16498518,2,1
278,22,922828395110697,56.834,0.17185956,2,1
279,23,922828495088158,47.471,0.16498518,2,1
280,24,922828595222081,65.722,0.16498518,2,1
281,25,922828695088543,44.839,0.19248271,2,1
282,26,922828795192543,55.829,0.1581108,2,1
283,27,922828895194927,72.407,0.1581108,2,1
284,28,922828995190004,45.521,0.18560833,2,1
285,29,922829095234081,32.211,0.1581108,2,1
286,30,922829195263235,54.771,0.16498518,2,1
287,31,922829295078927,45.914,0.16498518,2,1
288,32,922829395089774,47.154,0.16498518,2,1
289,33,922829495113389,47.092,0.1581108,2,1
290,34,922829595208466,61.211,0.1581108,2,1
291,35,922829695051850,47.590,0.16498518,2,1
292,36,922829795183543,45.662,0.18560833,2,1
293,37,922829895187312,75.055,0.1581108,2,1
294,38,922829995060158,48.896,0.16498518,2,1
295,39,922830095874620,66.106,0.1581108,2,1
296,40,922830195062081,48.348,0.16498518,2,1
297,41,922830295418927,58.114,0.17185956,2,1
298,42,922830395109081,63.704,0.16498518,2,1
299,43,922830495078697,46.588,0.16498518,2,1
300,44,922830595119851,56.622,0.1581108,2,1
301,45,922830695186004,51.602,0.1581108,2,1
302,46,922830795190004,17.296,0.16498518,2,1
303,47,922830895431235,26.410,0.17185956,2,1
304,48,922830995212158,51.301,0.16498518,2,1
305,49,922831095131851,58.873,0.17873394,2,1
306,50,922831195249389,47.360,0.1581108,2,1
307,51,922831295145158,46.453,0.1581108,2,1
308,52,922831395256235,20.056,0.16498518,2,1
309,53,922831495237466,26.777,0.16498518,2,1
310,54,922831595318312,67.314,0.16498518,2,1
311,55,922831695298312,28.112,0.17185956,2,1
312,56,922831795613081,71.354,0.17185956,2,1
313,57,922831895202081,47.555,0.16498518,2,1
314,58,922831995239543,47.416,0.1581108,2,1
315,59,922832095260235,44.907,0.16498518,2,1
316,60,922832195597697,47.362,0.1581108,2,1
317,61,922832295375004,63.187,0.16498518,2,1
318,62,922832395203851,62.928,0.16498518,2,1
319,63,922832495409081,46.317,0.16498518,2,1
320,64,922832595180774,69.119,0.1581108,2,1
321,65,922832695187004,16.194,0.16498518,2,1
322,66,922832795251235,49.083,0.15123641,2,1
323,67,922832895115928,43.151,0.16498518,2,1
324,68,922832995255620,95.079,0.16498518,2,1
325,69,922833095178697,41.758,0.1581108,2,1
326,70,922833195122005,14.380,0.17185956,2,1
327,71,922833295202928,42.973,0.15123641,2,1
328,72,922833395191005,53.500,0.1581108,2,1
329,73,922833495228466,15.493,0.16498518,2,1
330,74,922833595199005,17.977,0.1581108,2,1
331,75,922833695188543,49.085,0.17185956,2,1
332,76,922833795067235,65.810,0.16498518,2,1
333,77,922833895081697,46.323,0.16498518,2,1
334,78,922833995060543,15.038,0.1581108,2,1
335,79,922834095200851,70.491,0.16498518,2,1
336,80,922834195163851,50.428,0.16498518,2,1
337,81,922834295390928,27.405,0.16498518,2,1
338,82,922834395188851,44.436,0.17185956,2,1
339,83,922834495103620,32.740,0.15123641,2,1
340,84,922834595085774,49.698,0.16498518,2,1
341,85,922834695191620,42.483,0.14436202,2,1
342,86,922834795048774,27.076,0.17185956,2,1
343,87,922834895067312,15.476,0.16498518,2,1
344,88,922834995201082,74.690,0.1581108,2,1
345,89,922835095208158,47.323,0.17185956,2,1
346,90,922835195215005,46.077,0.1581108,2,1
347,91,922835295115928,61.549,0.1581108,2,1
348,92,922835395242312,62.800,0.16498518,2,1
349,93,922835495099312,47.923,0.17873394,2,1
350,94,922835595202312,59.624,0.16498518,2,1
351,95,922835695136235,51.529,0.16498518,2,1
352,96,922835795189774,35.923,0.18560833,2,1
353,97,922835895052774,83.169,0.1581108,2,1
354,98,922835995180851,16.952,0.1581108,2,1
355,99,922836095202082,39.329,0.16498518,2,1
356,100,922836195208851,27.121,0.1581108,2,1
357,101,922836295125389,46.120,0.17185956,2,1
358,102,922836395276235,39.290,0.16498518,2,1
359,103,922836495146082,47.211,0.16498518,2,1
360,104,922836595285082,46.946,0.1581108,2,1
361,105,922836696248466,43.954,0.17185956,2,1
362,106,922836795148851,62.695,0.16498518,2,1
363,107,922836895702620,86.034,0.17873394,2,1
364,108,922836995212236,46.809,0.16498518,2,1
365,109,922837095192159,70.515,0.1581108,2,1
366,110,922837195344774,46.639,0.1581108,2,1
367,111,922837295443543,23.456,0.1581108,2,1
368,112,922837395195851,31.482,0.1581108,2,1
369,113,922837495137082,47.152,0.1581108,2,1
370,114,922837595424466,62.697,0.17185956,2,1
371,115,922837695212466,85.902,0.1581108,2,1
372,116,922837795176851,47.161,0.1581108,2,1
373,117,922837895201389,71.709,0.17185956,2,1
374,118,922837995300543,46.247,0.18560833,2,1
375,119,922838095317159,65.152,0.16498518,2,1
376,120,922838195185466,71.082,0.16498518,2,1
377,121,922838295234389,74.429,0.16498518,2,1
378,122,922838395179543,47.140,0.18560833,2,1
379,123,922838495158928,59.771,0.1581108,2,1
380,124,922838595186313,77.472,0.16498518,2,1
381,125,922838695226928,50.973,0.17185956,2,1
382,126,922838795188851,17.592,0.1581108,2,1
383,127,922838895192774,69.152,0.16498518,2,1
384,128,922838995406620,19.764,0.1581108,2,1
385,129,922839095183313,60.134,0.16498518,2,1
386,130,922839195119928,16.698,0.16498518,2,1
387,131,922839295201082,21.264,0.16498518,2,1
388,132,922839395082928,36.342,0.16498518,2,1
389,133,922839495063928,36.799,0.16498518,2,1
390,134,922839595180236,63.433,0.16498518,2,1
391,135,922839695186082,25.471,0.16498518,2,1
392,136,922839795126928,76.722,0.16498518,2,1
393,137,922839895242620,68.927,0.1581108,2,1
394,138,922839995072466,47.148,0.16498518,2,1
395,139,922840095068774,25.437,0.16498518,2,1
396,140,922840195110620,37.719,0.1581108,2,1
397,141,922840295083005,38.035,0.16498518,2,1
398,142,922840395108774,41.246,0.14436202,2,1
399,143,922840495075005,27.716,0.16498518,2,1
400,144,922840595167313,47.952,0.1581108,2,1
401,145,922840695182928,62.693,0.17185956,2,1
402,146,922840795303236,48.218,0.1581108,2,1
403,147,922840895192236,39.901,0.16498518,2,1
404,148,922840995209390,46.967,0.16498518,2,1
405,149,922841095127236,58.123,0.16498518,2,1
406,150,922841195111236,66.513,0.16498518,2,1
407,151,922841295346928,45.087,0.1581108,2,1
408,152,922841395195928,68.401,0.16498518,2,1
409,153,922841495064159,14.744,0.16498518,2,1
410,154,922841595135851,40.212,0.15123641,2,1
411,155,922841696305082,46.729,0.16498518,2,1
412,156,922841795569082,73.548,0.16498518,2,1
413,157,922841895088774,38.924,0.15123641,2,1
414,158,922841995115005,75.796,0.1581108,2,1
415,159,922842095568851,14.734,0.1581108,2,1
416,160,922842195186697,45.326,0.1581108,2,1
417,161,922842295183620,18.721,0.17185956,2,1
418,162,922842395209467,74.719,0.16498518,2,1
419,163,922842495187005,61.430,0.15123641,2,1
420,164,922842595204851,63.868,0.14436202,2,1
421,165,922842695133159,47.793,0.16498518,2,1
422,166,922842795422928,53.898,0.17185956,2,1
423,167,922842895094390,27.345,0.16498518,2,1
424,168,922842995393467,46.518,0.17185956,2,1
425,169,922843095067005,22.690,0.16498518,2,1
426,170,922843195058697,65.506,0.16498518,2,1
427,171,922843295202697,14.762,0.17185956,2,1
428,172,922843395207851,62.748,0.1581108,2,1
429,173,922843495185390,16.385,0.16498518,2,1
430,174,922843595179544,45.087,0.16498518,2,1
431,175,922843695145697,63.079,0.16498518,2,1
432,176,922843795216544,21.187,0.16498518,2,1
433,177,922843895129774,39.184,0.1581108,2,1
434,178,922843995077467,60.747,0.16498518,2,1
435,179,922844095090082,45.178,0.17185956,2,1
436,180,922844195179621,64.425,0.1581108,2,1
437,181,922844295171236,47.847,0.17185956,2,1
438,182,922844395191928,54.191,0.16498518,2,1
439,183,922844495184544,49.350,0.17185956,2,1
440,184,922844596157467,33.641,0.16498518,2,1
441,185,922844695141698,21.430,0.16498518,2,1
442,186,922844795067313,47.981,0.15123641,2,1
443,187,922844895146390,56.632,0.1581108,2,1
444,188,922844995085774,33.846,0.16498518,2,1
445,189,922845095197159,46.707,0.15123641,2,1
446,190,922845195183851,49.406,0.16498518,2,1
447,191,922845295178698,52.401,0.1581108,2,1
448,192,922845395166928,17.140,0.17185956,2,1
449,193,922845495248236,26.598,0.17185956,2,1
450,194,922845595119621,46.147,0.17185956,2,1
451,195,922845695102698,62.569,0.15123641,2,1
452,196,922845795099236,55.122,0.1581108,2,1
453,197,922845895256467,27.554,0.1581108,2,1
454,198,922845995072159,17.330,0.19935709,2,1
455,199,922846095072851,20.666,0.16498518,2,1
456,200,922846195074082,74.229,0.1581108,2,1
457,201,922846295186082,39.459,0.16498518,2,1
458,202,922846395178082,47.781,0.1581108,2,1
459,203,922846495209082,55.342,0.1581108,2,1
460,204,922846595184775,63.211,0.16498518,2,1
461,205,922846695112775,47.194,0.16498518,2,1
462,206,922846795109082,67.765,0.17185956,2,1
463,207,922846895072159,56.150,0.1581108,2,1
464,208,922846995098621,60.752,0.18560833,2,1
465,209,922847095246005,47.654,0.16498518,2,1
466,210,922847195177082,56.112,0.15123641,2,1
467,211,922847295181159,51.758,0.16498518,2,1
468,212,922847395169467,68.982,0.16498518,2,1
469,213,922847495149390,17.303,0.1581108,2,1
470,214,922847595087236,45.845,0.17185956,2,1
471,215,922847695206082,62.744,0.1581108,2,1
472,216,922847795179928,48.184,0.1581108,2,1
473,217,922847895239928,55.625,0.1581108,2,1
474,218,922847995203005,74.064,0.16498518,2,1
475,219,922848095183621,47.780,0.16498518,2,1
476,220,922848199242621,27.720,0.19248271,2,1
477,221,922848297349698,17.075,0.1581108,2,1
478,222,922848396426390,91.264,0.16498518,2,1
479,223,922848495294929,16.343,0.16498518,2,1
480,224,922848595255621,42.525,0.16498518,2,1
481,225,922848695095929,61.464,0.1581108,2,1
482,226,922848795074313,45.680,0.16498518,2,1
483,227,922848895209082,47.277,0.1581108,2,1
484,228,922848995170082,18.305,0.1581108,2,1
485,229,922849095200236,18.576,0.17873394,2,1
486,230,922849195183236,44.020,0.1581108,2,1
487,231,922849295294005,65.845,0.1581108,2,1
488,232,922849395072467,16.417,0.17185956,2,1
489,233,922849495105698,14.632,0.17185956,2,1
490,234,922849595068236,15.481,0.16498518,2,1
491,235,922849695131006,45.737,0.1581108,2,1
492,236,922849795187621,16.754,0.1581108,2,1
493,237,922849895188159,43.620,0.17873394,2,1
494,238,922849995208467,62.461,0.1581108,2,1
495,239,922850095161698,90.533,0.16498518,2,1
496,240,922850195189159,46.511,0.16498518,2,1
497,241,922850295258621,28.168,0.1581108,2,1
498,242,922850395792159,32.551,0.17185956,2,1
499,243,922850495199313,21.117,0.15123641,2,1
500,244,922850595113775,33.058,0.17873394,2,1
501,245,922850695064467,41.636,0.17185956,2,1
502,246,922850795207929,17.791,0.16498518,2,1
503,247,922850895071852,21.788,0.16498518,2,1
504,248,922850995177390,19.422,0.15123641,2,1
505,249,922851095195544,22.262,0.17185956,2,1
506,250,922851195144236,17.002,0.16498518,2,1
507,251,922851295095621,16.858,0.17185956,2,1
508,252,922851395086621,15.456,0.17185956,2,1
509,253,922851495136467,39.475,0.17185956,2,1
510,254,922851595179929,16.784,0.16498518,2,1
511,255,922851695180544,19.724,0.1581108,2,1
512,0,922851795154390,71.685,0.17873394,2,1
513,1,922851895213775,43.784,0.15123641,2,1
514,2,922851995183313,20.166,0.16498518,2,1
515,3,922852095187236,25.432,0.1581108,2,1
516,4,922852195162083,40.276,0.17873394,2,1
517,5,922852295189083,17.841,0.1581108,2,1
518,6,922852395191621,18.689,0.16498518,2,1
519,7,922852495450929,40.934,0.1581108,2,1
520,8,922852595241775,15.747,0.17185956,2,1
521,9,922852695183929,45.140,0.17185956,2,1
522,10,922852795214698,45.995,0.16498518,2,1
523,11,922852895182313,41.651,0.1581108,2,1
524,12,922852995381775,18.068,0.16498518,2,1
525,13,922853095174083,17.460,0.17185956,2,1
526,14,922853195188160,21.654,0.16498518,2,1
527,15,922853295118083,16.566,0.16498518,2,1
528,16,922853395183544,47.691,0.1581108,2,1
529,17,922853495085467,23.323,0.16498518,2,1
530,18,922853595194083,55.775,0.16498518,2,1
531,19,922853695235621,40.537,0.17185956,2,1
532,20,922853795179929,22.134,0.17185956,2,1
533,21,922853895199929,25.734,0.1581108,2,1
534,22,922853995374698,18.932,0.16498518,2,1
535,23,922854095107621,41.351,0.16498518,2,1
536,24,922854195094698,39.556,0.17873394,2,1
537,25,922854295130006,16.605,0.16498518,2,1
538,26,922854395074313,15.802,0.1581108,2,1
539,27,922854495280467,70.976,0.13748765,2,1
540,28,922854595213083,36.419,0.1581108,2,1
541,29,922854695075544,38.727,0.1581108,2,1
542,30,922854795209775,73.295,0.17873394,2,1
543,31,922854895800160,39.585,0.16498518,2,1
544,32,922854995125083,17.846,0.16498518,2,1
545,33,922855095105698,39.117,0.16498518,2,1
546,34,922855195088852,18.799,0.16498518,2,1
547,35,922855295117390,30.348,0.1581108,2,1
548,36,922855395179237,83.741,0.16498518,2,1
549,37,922855495179237,18.421,0.17185956,2,1
550,38,922855595078314,45.742,0.16498518,2,1
551,39,922855695177467,21.972,0.17185956,2,1
552,40,922855795176852,19.262,0.17185956,2,1
553,41,922855895243314,39.360,0.1581108,2,1
554,42,922855995102929,15.925,0.16498518,2,1
555,43,922856095222929,19.285,0.16498518,2,1
556,44,922856195187544,17.450,0.1581108,2,1
557,45,922856295193698,20.339,0.16498518,2,1
558,46,922856395095006,14.315,0.1581108,2,1
559,47,922856495073698,19.110,0.16498518,2,1
560,48,922856595264544,27.789,0.16498518,2,1
561,49,922856695178391,44.379,0.16498518,2,1
562,50,922856796275237,41.330,0.17185956,2,1
563,51,922856895092467,39.930,0.17185956,2,1
564,52,922856995288160,41.268,0.16498518,2,1
565,53,922857095119544,16.321,0.16498518,2,1
566,54,922857195115237,39.572,0.18560833,2,1
567,55,922857295058083,17.923,0.17185956,2,1
568,56,922857395197775,51.612,0.16498518,2,1
569,57,922857495183544,25.428,0.16498518,2,1
570,58,922857595183544,19.835,0.16498518,2,1
571,59,922857695595314,21.512,0.17185956,2,1
572,60,922857795199852,16.530,0.15123641,2,1
573,61,922857895073391,17.268,0.1581108,2,1
574,62,922857995193160,17.727,0.16498518,2,1
575,63,922858095086929,48.873,0.16498518,2,1
576,64,922858195223006,41.751,0.17873394,2,1
577,65,922858295060544,16.521,0.17185956,2,1
578,66,922858395186314,53.083,0.15123641,2,1
579,67,922858495246929,41.923,0.16498518,2,1
580,68,922858595180544,18.848,0.17873394,2,1
581,69,922858695148160,26.266,0.16498518,2,1
582,70,922858795240545,46.747,0.1581108,2,1
583,71,922858895064545,36.364,0.16498518,2,1
584,72,922858995185391,50.982,0.17873394,2,1
585,73,922859095265775,42.454,0.16498518,2,1
586,74,922859195390314,53.670,0.1581108,2,1
587,75,922859295174621,41.452,0.1581108,2,1
588,76,922859395183621,20.677,0.15123641,2,1
589,77,922859495150314,71.868,0.16498518,2,1
590,78,922859595600468,18.290,0.1581108,2,1
591,79,922859695161775,41.801,0.1581108,2,1
592,80,922859795217775,43.208,0.17185956,2,1
593,81,922859895086621,18.746,0.17873394,2,1
594,82,922859995187237,18.861,0.1581108,2,1
595,83,922860095061775,18.395,0.16498518,2,1
596,84,922860195223622,19.231,0.1581108,2,1
597,85,922860295273391,16.312,0.16498518,2,1
598,86,922860395189468,19.864,0.15123641,2,1
599,87,922860495179622,31.927,0.16498518,2,1
