день,видео,fps,кадров_размечено,боксов,боксов_<32px,боксов_<60px,шаг_мин_кадров,шаг_мед_кадров,шаг_мин_сек,шаг_мед_сек,зум,зум_проверен_инструментально,старых_картинок_привязано
2023-06-12,VID_20230612_151558,30.03,59,75,1,10,30,30.0,1.0,1.0,да (со слов),нет,0
2023-06-24,VID_20230624_143508,30.04,6,6,0,0,30,30.0,1.0,1.0,да (со слов),нет,0
2023-06-24,VID_20230624_143832,30.02,62,62,0,0,30,30.0,1.0,1.0,да (со слов),нет,0
2023-06-24,VID_20230624_145422,30.03,19,17,3,3,30,30.0,1.0,1.0,да (со слов),нет,20
2023-06-24,VID_20230624_145515,30.02,60,103,15,17,30,30.0,1.0,1.0,да (со слов),нет,36
2023-06-24,VID_20230624_145648,30.03,3,3,0,0,30,30.0,1.0,1.0,да (со слов),нет,6
2023-06-27,VID_20230627_155011,30.03,21,21,0,0,30,30.0,1.0,1.0,да (со слов),нет,19
2023-07-01,VID_20230701_135956,30.03,44,42,0,0,30,30.0,1.0,1.0,да (со слов),нет,0
2023-07-10,VID_20230710_143002,60.53,18,13,6,13,30,30.0,0.5,0.5,нет,нет,0
2023-07-10,VID_20230710_143023,60.47,65,51,42,51,30,30.0,0.5,0.5,нет,нет,0
2023-07-10,VID_20230710_145045,60.26,208,241,0,0,30,30.0,0.5,0.5,да (со слов),нет,0
2023-07-10,VID_20230710_150051,60.41,0,0,0,0,,,,,да (со слов),нет,11
2023-07-10,VID_20230710_151842,59.97,44,44,1,5,30,30.0,0.5,0.5,да (со слов),нет,10
2023-07-10,VID_20230710_152042,60.16,23,23,0,4,30,135.0,0.5,2.24,да (со слов),нет,19
2023-07-10,VID_20230710_153350,60.08,85,63,0,1,30,30.0,0.5,0.5,да (со слов),нет,28
2023-07-10,VID_20230710_154036,59.89,31,31,0,0,30,60.0,0.5,1.0,да (со слов),нет,30
2023-07-10,VID_20230710_154710,60.07,22,22,0,0,30,90.0,0.5,1.5,да (со слов),нет,10
2023-07-10,VID_20230710_155917,60.44,34,34,1,3,30,60.0,0.5,0.99,да (со слов),нет,0
2025-08-22,VID_20250822_163723,30.0,19,62,5,9,30,30.0,1.0,1.0,да (первые 3 с — без зума),нет,0
2025-08-22,VID_20250822_163813,30.0,44,96,0,0,30,30.0,1.0,1.0,да (со слов),нет,12
2025-08-22,VID_20250822_164149,30.0,8,28,0,0,30,30.0,1.0,1.0,да (со слов),нет,0
2025-08-22,VID_20250822_164241,30.0,16,33,0,0,30,30.0,1.0,1.0,да (со слов),нет,6
